detail,error_severity,event_message,hint,id,identifier,timestamp
null,LOG,connection authorized: user=supabase_admin database=postgres application_name=postgres_exporter,null,9fbbaee2-27ce-43c2-86d0-078bc9b41378,zztaofqpkkjhftibdzhj,1758042447823000
null,LOG,"connection authenticated: user=""supabase_admin"" method=trust (/etc/postgresql/pg_hba.conf:85)",null,e7112257-759f-4545-8c57-a05d5fca096c,zztaofqpkkjhftibdzhj,1758042447822000
null,LOG,connection received: host=::1 port=26439,null,ecd55321-70ba-4453-adb9-30ba6b4d13a7,zztaofqpkkjhftibdzhj,1758042447821000
null,LOG,connection authorized: user=supabase_admin database=postgres application_name=postgres_exporter,null,fc86355a-8f19-42df-8bf2-149013b79881,zztaofqpkkjhftibdzhj,1758042387824000
null,LOG,"connection authenticated: user=""supabase_admin"" method=trust (/etc/postgresql/pg_hba.conf:85)",null,317a3044-93fc-41f5-9abc-4ad7856cf7d5,zztaofqpkkjhftibdzhj,1758042387824000
null,LOG,connection received: host=::1 port=8397,null,b8fe6e2b-590c-4294-a911-05e8b54c0333,zztaofqpkkjhftibdzhj,1758042387824000
null,LOG,connection authorized: user=supabase_admin database=postgres application_name=postgres_exporter,null,969fc88b-33ba-439e-a56f-4157af7bff9c,zztaofqpkkjhftibdzhj,1758042327822000
null,LOG,"connection authenticated: user=""supabase_admin"" method=trust (/etc/postgresql/pg_hba.conf:85)",null,3670ce53-8317-4e72-a3e4-1fc01a5334ee,zztaofqpkkjhftibdzhj,1758042327822000
null,LOG,connection received: host=::1 port=6097,null,40f3153d-64a6-426a-9f9e-43da9a76c8e2,zztaofqpkkjhftibdzhj,1758042327819000
null,LOG,"connection authorized: user=supabase_admin database=postgres application_name=undefined SSL enabled (protocol=TLSv1.3, cipher=TLS_AES_256_GCM_SHA384, bits=256)",null,19f113a0-dc0e-45dd-bb4c-6ba239d96fd8,zztaofqpkkjhftibdzhj,1758042272783000
null,LOG,"connection authenticated: identity=""supabase_admin"" method=scram-sha-256 (/etc/postgresql/pg_hba.conf:94)",null,3c1bf7f6-5fa3-46bc-b38b-e03110634c3f,zztaofqpkkjhftibdzhj,1758042272783000
null,LOG,"connection authorized: user=supabase_admin database=postgres application_name=undefined SSL enabled (protocol=TLSv1.3, cipher=TLS_AES_256_GCM_SHA384, bits=256)",null,3b08f9ed-e447-4521-a36c-28c8ea33212d,zztaofqpkkjhftibdzhj,1758042272779000
null,LOG,"connection authenticated: identity=""supabase_admin"" method=scram-sha-256 (/etc/postgresql/pg_hba.conf:94)",null,8c79747f-23dc-4f23-9568-8d71691b1e54,zztaofqpkkjhftibdzhj,1758042272778000
null,LOG,"connection authorized: user=supabase_admin database=postgres application_name=psql SSL enabled (protocol=TLSv1.3, cipher=TLS_AES_256_GCM_SHA384, bits=256)",null,0cab57e0-ff93-4f36-9365-1a3db3f4fc5a,zztaofqpkkjhftibdzhj,1758042268550000
null,LOG,"connection authenticated: user=""supabase_admin"" method=trust (/etc/postgresql/pg_hba.conf:85)",null,67fc5eff-028c-41e0-a5e6-bcddbae66a1a,zztaofqpkkjhftibdzhj,1758042268550000
null,LOG,"connection authenticated: user=""supabase_admin"" method=trust (/etc/postgresql/pg_hba.conf:85)",null,d54168af-7414-4cb4-8e16-9fbdb5df11c8,zztaofqpkkjhftibdzhj,1758042267841000
null,LOG,connection authorized: user=supabase_admin database=postgres application_name=postgres_exporter,null,612eb0b9-9cb8-4a59-9a4f-9955e14f7001,zztaofqpkkjhftibdzhj,1758042267841000
null,LOG,connection received: host=::1 port=6185,null,1e24b778-1acf-4c5b-be73-a3b6bd1bfe4b,zztaofqpkkjhftibdzhj,1758042267826000
null,LOG,"checkpoint complete: wrote 37 buffers (0.1%); 0 WAL file(s) added, 0 removed, 0 recycled; write=3.613 s, sync=0.005 s, total=3.627 s; sync files=15, longest=0.004 s, average=0.001 s; distance=418 kB, estimate=10516 kB; lsn=0/2807C70, redo lsn=0/2807C18",null,ee0a7a92-0b28-4c9a-9c09-31d32ea593a3,zztaofqpkkjhftibdzhj,1758042213820000
null,LOG,"connection authenticated: user=""supabase_admin"" method=trust (/etc/postgresql/pg_hba.conf:85)",null,26cd7304-b94e-40f1-9acc-e5de09e3169f,zztaofqpkkjhftibdzhj,1758042207819000
null,LOG,connection authorized: user=supabase_admin database=postgres application_name=postgres_exporter,null,d8a065ef-a59d-426d-9507-80317e06dbe9,zztaofqpkkjhftibdzhj,1758042207819000
null,LOG,connection received: host=::1 port=44767,null,87dd78b0-a0e3-4936-882d-46b68bbe5dbb,zztaofqpkkjhftibdzhj,1758042207818000
null,LOG,"connection authorized: user=supabase_admin database=postgres application_name=undefined SSL enabled (protocol=TLSv1.3, cipher=TLS_AES_256_GCM_SHA384, bits=256)",null,8b874e55-fb3f-46ca-b6bd-fb6e2574f0f1,zztaofqpkkjhftibdzhj,1758042185731000
null,LOG,"connection authenticated: identity=""supabase_admin"" method=scram-sha-256 (/etc/postgresql/pg_hba.conf:94)",null,80b77398-f5d0-41b9-8a24-a6cb970c1848,zztaofqpkkjhftibdzhj,1758042185731000
null,LOG,"connection authenticated: identity=""supabase_admin"" method=scram-sha-256 (/etc/postgresql/pg_hba.conf:94)",null,85205cd9-6434-4a56-9c4f-3f901f6b3fae,zztaofqpkkjhftibdzhj,1758042185725000
null,LOG,"connection authorized: user=supabase_admin database=postgres application_name=undefined SSL enabled (protocol=TLSv1.3, cipher=TLS_AES_256_GCM_SHA384, bits=256)",null,1dcd107c-10a2-4b3d-a6b9-f6d867eb4912,zztaofqpkkjhftibdzhj,1758042185725000
null,LOG,connection received: host=2600:1f18:2a66:6e00:488e:8edb:3628:158c port=53678,null,2038bf41-11dd-4768-8339-315e58d58421,zztaofqpkkjhftibdzhj,1758042185712000
null,LOG,connection received: host=2600:1f18:2a66:6e01:87ce:ad97:7075:61eb port=53108,null,24281837-1d0f-4400-aabe-42ea1fa97ec8,zztaofqpkkjhftibdzhj,1758042185712000
null,LOG,connection authorized: user=supabase_admin database=postgres application_name=postgres_exporter,null,39d85104-f281-4764-a439-c32fc05196d6,zztaofqpkkjhftibdzhj,1758042147819000
null,LOG,"connection authenticated: user=""supabase_admin"" method=trust (/etc/postgresql/pg_hba.conf:85)",null,d718052b-85d7-4686-bccf-3f9bd1bc7e78,zztaofqpkkjhftibdzhj,1758042147819000
null,LOG,connection received: host=::1 port=32021,null,f585b6b0-2bfe-44bf-8ed7-4fb2b949c0ab,zztaofqpkkjhftibdzhj,1758042147818000
null,LOG,connection authorized: user=supabase_admin database=postgres application_name=postgres_exporter,null,ea857656-0093-4043-b311-be9674598e9d,zztaofqpkkjhftibdzhj,1758042087819000
null,LOG,"connection authenticated: user=""supabase_admin"" method=trust (/etc/postgresql/pg_hba.conf:85)",null,1f2aeca7-6008-4003-9d36-4dcd73455e49,zztaofqpkkjhftibdzhj,1758042087819000
null,LOG,connection received: host=::1 port=32773,null,ebb21cf2-f6a8-4c1d-81a0-3f6538ac033c,zztaofqpkkjhftibdzhj,1758042087818000
null,LOG,"connection authorized: user=supabase_admin database=postgres application_name=undefined SSL enabled (protocol=TLSv1.3, cipher=TLS_AES_256_GCM_SHA384, bits=256)",null,b15f5afc-0006-4ec8-8875-2a5f3333cc2d,zztaofqpkkjhftibdzhj,1758042051555000
null,LOG,"connection authenticated: identity=""supabase_admin"" method=scram-sha-256 (/etc/postgresql/pg_hba.conf:94)",null,ed153b01-f64e-4390-a502-f4b43f351f09,zztaofqpkkjhftibdzhj,1758042051555000
null,LOG,"connection authorized: user=supabase_admin database=postgres application_name=undefined SSL enabled (protocol=TLSv1.3, cipher=TLS_AES_256_GCM_SHA384, bits=256)",null,90ff12da-94a7-4aae-bcf2-9582f1247022,zztaofqpkkjhftibdzhj,1758042051535000
null,LOG,"connection authenticated: identity=""supabase_admin"" method=scram-sha-256 (/etc/postgresql/pg_hba.conf:94)",null,5cddcf8c-b827-4f69-8a5b-9a7fb4dc1b78,zztaofqpkkjhftibdzhj,1758042051535000
null,LOG,"connection authenticated: identity=""postgres"" method=scram-sha-256 (/etc/postgresql/pg_hba.conf:94)",null,9730b7b4-f9d4-4cbc-86f3-cda77dc7c249,zztaofqpkkjhftibdzhj,1758042051352000
null,LOG,"connection authorized: user=postgres database=postgres application_name=supabase/dashboard SSL enabled (protocol=TLSv1.3, cipher=TLS_AES_256_GCM_SHA384, bits=256)",null,194124ca-ae19-488f-8a0c-c0864d04593a,zztaofqpkkjhftibdzhj,1758042051352000
null,LOG,"connection authorized: user=postgres database=postgres application_name=supabase/dashboard SSL enabled (protocol=TLSv1.3, cipher=TLS_AES_256_GCM_SHA384, bits=256)",null,55f1e706-445e-44ff-baba-697794ef0577,zztaofqpkkjhftibdzhj,1758042051344000
null,LOG,"connection authenticated: identity=""postgres"" method=scram-sha-256 (/etc/postgresql/pg_hba.conf:94)",null,0f83e636-50a5-43f4-8bad-cc50ac542e10,zztaofqpkkjhftibdzhj,1758042051344000
null,LOG,"connection authenticated: identity=""postgres"" method=scram-sha-256 (/etc/postgresql/pg_hba.conf:94)",null,8cfb4c78-55ea-489b-a62d-58bfcf8a3557,zztaofqpkkjhftibdzhj,1758042051337000
null,LOG,"connection authorized: user=postgres database=postgres application_name=supabase/dashboard SSL enabled (protocol=TLSv1.3, cipher=TLS_AES_256_GCM_SHA384, bits=256)",null,bb39d0b1-e435-47eb-8472-9020535d7ffb,zztaofqpkkjhftibdzhj,1758042051337000
null,LOG,"connection authenticated: identity=""postgres"" method=scram-sha-256 (/etc/postgresql/pg_hba.conf:94)",null,bc9d3536-4cc3-4aec-a301-12cb544cd7b6,zztaofqpkkjhftibdzhj,1758042051335000
null,LOG,"connection authorized: user=postgres database=postgres application_name=supabase/dashboard SSL enabled (protocol=TLSv1.3, cipher=TLS_AES_256_GCM_SHA384, bits=256)",null,1b508606-7cfc-43f8-8d94-284fc476e83f,zztaofqpkkjhftibdzhj,1758042051335000
null,LOG,"connection authenticated: identity=""postgres"" method=scram-sha-256 (/etc/postgresql/pg_hba.conf:94)",null,53975e9a-71d6-4c7b-b115-980bffc16163,zztaofqpkkjhftibdzhj,1758042051326000
null,LOG,"connection authorized: user=postgres database=postgres application_name=supabase/dashboard SSL enabled (protocol=TLSv1.3, cipher=TLS_AES_256_GCM_SHA384, bits=256)",null,28329b7c-bde6-4cdd-8244-f6d4ff7b659d,zztaofqpkkjhftibdzhj,1758042051326000
null,LOG,connection received: host=2600:1f18:2a66:6e00:320a:ada4:220d:1ca0 port=55724,null,f2f3134a-93aa-4be0-96be-266d09df8277,zztaofqpkkjhftibdzhj,1758042051314000
null,LOG,connection received: host=2600:1f18:2a66:6e01:8bc:26e5:451d:49db port=56992,null,3ad3064e-1944-46b6-81d9-d28a06e23683,zztaofqpkkjhftibdzhj,1758042051314000
null,LOG,connection received: host=2600:1f18:2a66:6e01:8851:cb89:4e5b:73c0 port=48170,null,27b4e3b3-d3a5-49e9-a452-649b8bc1e61f,zztaofqpkkjhftibdzhj,1758042051312000
null,LOG,connection received: host=2600:1f18:2a66:6e01:8bc:26e5:451d:49db port=56982,null,f3d98032-b5dc-48e4-abc8-3f715af45bee,zztaofqpkkjhftibdzhj,1758042051310000
null,LOG,"checkpoint complete: wrote 1256 buffers (4.4%); 0 WAL file(s) added, 0 removed, 1 recycled; write=125.805 s, sync=0.003 s, total=125.827 s; sync files=119, longest=0.003 s, average=0.001 s; distance=11638 kB, estimate=11638 kB; lsn=0/2807970, redo lsn=0/279F100",null,c798d0a3-1033-4e3e-a511-049514eb063f,zztaofqpkkjhftibdzhj,1758042036114000
null,LOG,connection authorized: user=supabase_admin database=postgres application_name=postgres_exporter,null,2996cb1b-15f5-4060-a7a8-aa5a66e51ce6,zztaofqpkkjhftibdzhj,1758042027819000
null,LOG,"connection authenticated: user=""supabase_admin"" method=trust (/etc/postgresql/pg_hba.conf:85)",null,09297b1e-78e9-4b4a-95c9-b3c4f26cec55,zztaofqpkkjhftibdzhj,1758042027819000
null,LOG,connection received: host=::1 port=53217,null,cb8e57b2-16d0-4717-80d7-9eb44ae468dc,zztaofqpkkjhftibdzhj,1758042027818000
null,LOG,connection authorized: user=supabase_admin database=postgres application_name=postgres_exporter,null,c4993607-68f8-409d-82bb-5b2042f3668c,zztaofqpkkjhftibdzhj,1758041967819000
null,LOG,"connection authenticated: user=""supabase_admin"" method=trust (/etc/postgresql/pg_hba.conf:85)",null,ef607213-a357-4eb7-95f3-9152d012935e,zztaofqpkkjhftibdzhj,1758041967819000
null,LOG,connection received: host=::1 port=12581,null,8f841f7d-b0a7-4fef-8d31-c0866296c383,zztaofqpkkjhftibdzhj,1758041967818000
null,LOG,connection received: host=::1 port=54825,null,a6645aff-deb1-4942-87e8-2f3a472f1762,zztaofqpkkjhftibdzhj,1758041907823000
null,LOG,"connection authenticated: user=""supabase_admin"" method=trust (/etc/postgresql/pg_hba.conf:85)",null,67ad5745-7174-488d-b144-13bd58ae9941,zztaofqpkkjhftibdzhj,1758041907823000
null,LOG,connection authorized: user=supabase_admin database=postgres application_name=postgres_exporter,null,c443d389-ad51-41f0-ae59-33cd2ad55404,zztaofqpkkjhftibdzhj,1758041907823000
null,LOG,"connection authenticated: identity=""postgres"" method=scram-sha-256 (/etc/postgresql/pg_hba.conf:94)",null,6d6e183c-747c-43e2-8a8b-016808a8e937,zztaofqpkkjhftibdzhj,1758041885408000
null,LOG,"connection authorized: user=postgres database=postgres application_name=supabase/dashboard SSL enabled (protocol=TLSv1.3, cipher=TLS_AES_256_GCM_SHA384, bits=256)",null,c677f378-cbb7-45d3-abbd-113ebbf323e8,zztaofqpkkjhftibdzhj,1758041885408000
null,LOG,connection received: host=2600:1f18:2a66:6e00:1258:fdb8:5dff:8bf9 port=55124,null,fc20602e-2802-47db-8b23-3a6e8e2a6f20,zztaofqpkkjhftibdzhj,1758041885391000
null,LOG,"connection authenticated: identity=""supabase_admin"" method=scram-sha-256 (/etc/postgresql/pg_hba.conf:94)",null,034b3263-8a43-4fc5-bb85-4c5562d5f0c3,zztaofqpkkjhftibdzhj,1758041862221000
null,LOG,"connection authorized: user=supabase_admin database=postgres application_name=undefined SSL enabled (protocol=TLSv1.3, cipher=TLS_AES_256_GCM_SHA384, bits=256)",null,b6ff0977-b190-4d01-8a2e-42001269c0ce,zztaofqpkkjhftibdzhj,1758041862221000
null,LOG,"connection authorized: user=supabase_admin database=postgres application_name=undefined SSL enabled (protocol=TLSv1.3, cipher=TLS_AES_256_GCM_SHA384, bits=256)",null,888f3ea7-c5cd-45b3-ac98-228123a70745,zztaofqpkkjhftibdzhj,1758041862215000
null,LOG,"connection authenticated: identity=""supabase_admin"" method=scram-sha-256 (/etc/postgresql/pg_hba.conf:94)",null,7927faeb-ab5a-49a4-a2ee-69ae2813fa64,zztaofqpkkjhftibdzhj,1758041862214000
null,LOG,"statement: SET statement_timeout='58s'; SET idle_session_timeout='58s';DROP TYPE IF EXISTS pg_temp.tabledefs CASCADE;CREATE TYPE pg_temp.tabledefs AS ENUM('PKEY_INTERNAL','PKEY_EXTERNAL','FKEYS_INTERNAL','FKEYS_EXTERNAL','COMMENTS','FKEYS_NONE','INCLUDE_TRIGGERS','NO_TRIGGERS');CREATE OR REPLACE FUNCTION pg_temp.pg_get_coldef(in_schema text,in_table text,in_column text,oldway boolean default False)RETURNS text LANGUAGE plpgsql VOLATILE AS $$ DECLARE v_coldef text;v_dt1 text;v_dt2 text;v_dt3 text;v_nullable boolean;v_position int;v_identity text;v_generated text;v_hasdflt boolean;v_dfltexpr text;BEGIN IF oldway THEN SELECT pg_catalog.format_type(a.atttypid,a.atttypmod)INTO v_coldef FROM pg_namespace n,pg_class c,pg_attribute a,pg_type t WHERE n.nspname=in_schema AND n.oid=c.relnamespace AND c.relname=in_table AND a.attname=in_column and a.attnum>0 AND a.attrelid=c.oid AND a.atttypid=t.oid ORDER BY a.attnum;ELSE SELECT CASE WHEN a.atttypid=ANY('{int,int8,int2}'::regtype[])AND EXISTS(SELECT FROM pg_attrdef ad WHERE ad.adrelid=a.attrelid AND ad.adnum=a.attnum AND pg_get_expr(ad.adbin,ad.adrelid)='nextval('''||(pg_get_serial_sequence(a.attrelid::regclass::text,a.attname))::regclass||'''::regclass)')THEN CASE a.atttypid WHEN'int'::regtype THEN'serial'WHEN'int8'::regtype THEN'bigserial'WHEN'int2'::regtype THEN'smallserial'END ELSE format_type(a.atttypid,a.atttypmod)END AS data_type INTO v_coldef FROM pg_namespace n,pg_class c,pg_attribute a,pg_type t WHERE n.nspname=in_schema AND n.oid=c.relnamespace AND c.relname=in_table AND a.attname=in_column and a.attnum>0 AND a.attrelid=c.oid AND a.atttypid=t.oid ORDER BY a.attnum;END IF;RETURN v_coldef;END;$$;DROP FUNCTION IF EXISTS pg_temp.pg_get_tabledef(character varying,character varying,boolean,tabledefs[]);CREATE OR REPLACE FUNCTION pg_temp.pg_get_tabledef(in_schema varchar,in_table varchar,_verbose boolean,VARIADIC arr pg_temp.tabledefs[]DEFAULT'{}'::pg_temp.tabledefs[])RETURNS text LANGUAGE plpgsql VOLATILE AS $$ DECLARE v_qualified text:='';v_table_ddl text;v_table_oid int;v_colrec record;v_constraintrec record;v_trigrec record;v_indexrec record;v_rec record;v_constraint_name text;v_constraint_def text;v_pkey_def text:='';v_fkey_def text:='';v_fkey_defs text:='';v_trigger text:='';v_partition_key text:='';v_partbound text;v_parent text;v_parent_schema text;v_persist text;v_temp text:='';v_temp2 text;v_relopts text;v_tablespace text;v_pgversion int;bSerial boolean;bPartition boolean;bInheritance boolean;bRelispartition boolean;constraintarr text[]:='{}';constraintelement text;bSkip boolean;bVerbose boolean:=False;v_cnt1 integer;v_cnt2 integer;search_path_old text:='';search_path_new text:='';v_partial boolean;v_pos integer;pkcnt int:=0;fkcnt int:=0;trigcnt int:=0;cmtcnt int:=0;pktype pg_temp.tabledefs:='PKEY_INTERNAL';fktype pg_temp.tabledefs:='FKEYS_INTERNAL';trigtype pg_temp.tabledefs:='NO_TRIGGERS';arglen integer;vargs text;avarg pg_temp.tabledefs;v_ret text;v_diag1 text;v_diag2 text;v_diag3 text;v_diag4 text;v_diag5 text;v_diag6 text;BEGIN SET client_min_messages='notice';IF _verbose THEN bVerbose=True;END IF;arglen:=array_length($4,1);IF arglen IS NULL THEN NULL;ELSE IF bVerbose THEN RAISE NOTICE'arguments=%',$4;END IF;FOREACH avarg IN ARRAY $4 LOOP IF bVerbose THEN RAISE NOTICE'arg=%',avarg;END IF;IF avarg='FKEYS_INTERNAL'OR avarg='FKEYS_EXTERNAL'OR avarg='FKEYS_NONE'THEN fkcnt=fkcnt+1;fktype=avarg;ELSEIF avarg='INCLUDE_TRIGGERS'OR avarg='NO_TRIGGERS'THEN trigcnt=trigcnt+1;trigtype=avarg;ELSEIF avarg='PKEY_EXTERNAL'THEN pkcnt=pkcnt+1;pktype=avarg;ELSEIF avarg='COMMENTS'THEN cmtcnt=cmtcnt+1;END IF;END LOOP;IF fkcnt>1 THEN RAISE WARNING'Only one foreign key option can be provided. You provided %',fkcnt;RETURN'';ELSEIF trigcnt>1 THEN RAISE WARNING'Only one trigger option can be provided. You provided %',trigcnt;RETURN'';ELSEIF pkcnt>1 THEN RAISE WARNING'Only one pkey option can be provided. You provided %',pkcnt;RETURN'';ELSEIF cmtcnt>1 THEN RAISE WARNING'Only one comments option can be provided. You provided %',cmtcnt;RETURN'';END IF;END IF;SELECT c.oid,(select setting from pg_settings where name='server_version_num')INTO v_table_oid,v_pgversion FROM pg_catalog.pg_class c LEFT JOIN pg_catalog.pg_namespace n ON n.oid=c.relnamespace WHERE c.relkind in('r','p')AND c.relname=in_table AND n.nspname=in_schema;SELECT setting INTO search_path_old FROM pg_settings WHERE name='search_path';EXECUTE'SET search_path = ""public""';SELECT setting INTO search_path_new FROM pg_settings WHERE name='search_path';IF(v_table_oid IS NULL)THEN RAISE EXCEPTION'table does not exist';END IF;SELECT tablespace INTO v_temp FROM pg_tables WHERE schemaname=in_schema and tablename=in_table and tablespace IS NOT NULL;IF v_temp IS NULL THEN v_tablespace:='TABLESPACE pg_default';ELSE v_tablespace:='TABLESPACE '||v_temp;END IF;WITH relopts AS(SELECT unnest(c.reloptions)relopts FROM pg_class c,pg_namespace n WHERE n.nspname=in_schema and n.oid=c.relnamespace and c.relname=in_table)SELECT string_agg(r.relopts,', ')as relopts INTO v_temp from relopts r;IF v_temp IS NULL THEN v_relopts:='';ELSE v_relopts:=' WITH ('||v_temp||')';END IF;v_partbound:='';bPartition:=False;bInheritance:=False;IF v_pgversion<100000 THEN SELECT c2.relname parent,c2.relnamespace::regnamespace INTO v_parent,v_parent_schema from pg_class c1,pg_namespace n,pg_inherits i,pg_class c2 WHERE n.nspname=in_schema and n.oid=c1.relnamespace and c1.relname=in_table and c1.oid=i.inhrelid and i.inhparent=c2.oid and c1.relkind='r';IF(v_parent IS NOT NULL)THEN bPartition:=True;bInheritance:=True;END IF;ELSE SELECT c2.relname parent,c1.relispartition,pg_get_expr(c1.relpartbound,c1.oid,true),c2.relnamespace::regnamespace INTO v_parent,bRelispartition,v_partbound,v_parent_schema from pg_class c1,pg_namespace n,pg_inherits i,pg_class c2 WHERE n.nspname=in_schema and n.oid=c1.relnamespace and c1.relname=in_table and c1.oid=i.inhrelid and i.inhparent=c2.oid and c1.relkind='r';IF(v_parent IS NOT NULL)THEN bPartition:=True;IF bRelispartition THEN bInheritance:=False;ELSE bInheritance:=True;END IF;END IF;END IF;IF bPartition THEN SELECT count(*)INTO v_cnt1 FROM information_schema.tables t WHERE EXISTS(SELECT REGEXP_MATCHES(s.table_name,'([A-Z]+)','g')FROM information_schema.tables s WHERE t.table_schema=s.table_schema AND t.table_name=s.table_name AND t.table_schema=in_schema AND t.table_name=in_table AND t.table_type='BASE TABLE');SELECT COUNT(*)INTO v_cnt2 FROM pg_get_keywords()WHERE word=in_table AND catcode='R';IF bInheritance THEN IF v_cnt1>0 OR v_cnt2>0 THEN v_table_ddl:='CREATE TABLE '||in_schema||'.""'||in_table||'""( '||E'\n';ELSE v_table_ddl:='CREATE TABLE '||in_schema||'.'||in_table||'( '||E'\n';END IF;ELSE IF v_relopts<>''THEN IF v_cnt1>0 OR v_cnt2>0 THEN v_table_ddl:='CREATE TABLE '||in_schema||'.""'||in_table||'"" PARTITION OF '||in_schema||'.'||v_parent||' '||v_partbound||v_relopts||' '||v_tablespace||'; '||E'\n';ELSE v_table_ddl:='CREATE TABLE '||in_schema||'.'||in_table||' PARTITION OF '||in_schema||'.'||v_parent||' '||v_partbound||v_relopts||' '||v_tablespace||'; '||E'\n';END IF;ELSE IF v_cnt1>0 OR v_cnt2>0 THEN v_table_ddl:='CREATE TABLE '||in_schema||'.""'||in_table||'"" PARTITION OF '||in_schema||'.'||v_parent||' '||v_partbound||' '||v_tablespace||'; '||E'\n';ELSE v_table_ddl:='CREATE TABLE '||in_schema||'.'||in_table||' PARTITION OF '||in_schema||'.'||v_parent||' '||v_partbound||' '||v_tablespace||'; '||E'\n';END IF;END IF;END IF;END IF;IF bVerbose THEN RAISE NOTICE'(1)tabledef so far: %',v_table_ddl;END IF;IF NOT bPartition THEN select c.relpersistence into v_persist from pg_class c,pg_namespace n where n.nspname=in_schema and n.oid=c.relnamespace and c.relname=in_table and c.relkind='r';IF v_persist='u'THEN v_temp:='UNLOGGED';ELSIF v_persist='t'THEN v_temp:='TEMPORARY';ELSE v_temp:='';END IF;END IF;IF NOT bPartition THEN SELECT count(*)INTO v_cnt1 FROM information_schema.tables t WHERE EXISTS(SELECT REGEXP_MATCHES(s.table_name,'([A-Z]+)','g')FROM information_schema.tables s WHERE t.table_schema=s.table_schema AND t.table_name=s.table_name AND t.table_schema=in_schema AND t.table_name=in_table AND t.table_type='BASE TABLE');IF v_cnt1>0 THEN v_table_ddl:='CREATE '||v_temp||' TABLE '||in_schema||'.""'||in_table||'"" ('||E'\n';ELSE v_table_ddl:='CREATE '||v_temp||' TABLE '||in_schema||'.'||in_table||' ('||E'\n';END IF;END IF;IF NOT bPartition THEN FOR v_colrec IN SELECT c.column_name,c.data_type,c.udt_name,c.udt_schema,c.character_maximum_length,c.is_nullable,c.column_default,c.numeric_precision,c.numeric_scale,c.is_identity,c.identity_generation,c.is_generated,c.generation_expression FROM information_schema.columns c WHERE(table_schema,table_name)=(in_schema,in_table)ORDER BY ordinal_position LOOP IF bVerbose THEN RAISE NOTICE'(col loop) name=%  type=%  udt_name=%  default=%  is_generated=%  gen_expr=%',v_colrec.column_name,v_colrec.data_type,v_colrec.udt_name,v_colrec.column_default,v_colrec.is_generated,v_colrec.generation_expression;END IF;SELECT CASE WHEN pg_get_serial_sequence(quote_ident(in_schema)||'.'||quote_ident(in_table),v_colrec.column_name)IS NOT NULL THEN True ELSE False END into bSerial;IF bVerbose THEN SELECT pg_get_serial_sequence(quote_ident(in_schema)||'.'||quote_ident(in_table),v_colrec.column_name)into v_temp;IF v_temp IS NULL THEN v_temp='NA';END IF;SELECT pg_temp.pg_get_coldef(in_schema,in_table,v_colrec.column_name)INTO v_diag1;RAISE NOTICE'DEBUG table: %  Column: %  datatype: %  Serial=%  serialval=%  coldef=%',v_qualified,v_colrec.column_name,v_colrec.data_type,bSerial,v_temp,v_diag1;RAISE NOTICE'DEBUG tabledef: %',v_table_ddl;END IF;SELECT COUNT(*)INTO v_cnt1 FROM information_schema.columns t WHERE EXISTS(SELECT REGEXP_MATCHES(s.column_name,'([A-Z]+)','g')FROM information_schema.columns s WHERE t.table_schema=s.table_schema and t.table_name=s.table_name and t.column_name=s.column_name AND t.table_schema=quote_ident(in_schema)AND column_name=v_colrec.column_name);SELECT COUNT(*)INTO v_cnt2 FROM pg_get_keywords()WHERE word=v_colrec.column_name AND catcode='R';IF v_cnt1>0 OR v_cnt2>0 THEN v_table_ddl:=v_table_ddl||'  ""'||v_colrec.column_name||'"" ';ELSE v_table_ddl:=v_table_ddl||'  '||v_colrec.column_name||' ';END IF;IF v_colrec.is_generated='ALWAYS'and v_colrec.generation_expression IS NOT NULL THEN v_temp=v_colrec.data_type||' GENERATED ALWAYS AS ('||v_colrec.generation_expression||') STORED ';ELSEIF v_colrec.udt_name in('geometry','box2d','box2df','box3d','geography','geometry_dump','gidx','spheroid','valid_detail')THEN v_temp=v_colrec.udt_name;ELSEIF v_colrec.data_type='USER-DEFINED'THEN v_temp=v_colrec.udt_schema||'.'||v_colrec.udt_name;ELSEIF v_colrec.data_type='ARRAY'THEN v_temp=pg_temp.pg_get_coldef(in_schema,in_table,v_colrec.column_name);ELSEIF pg_get_serial_sequence(quote_ident(in_schema)||'.'||quote_ident(in_table),v_colrec.column_name)IS NOT NULL THEN v_temp=pg_temp.pg_get_coldef(in_schema,in_table,v_colrec.column_name);ELSE v_temp=v_colrec.data_type;END IF;IF v_colrec.is_identity='YES'THEN IF v_colrec.identity_generation='ALWAYS'THEN v_temp=v_temp||' GENERATED ALWAYS AS IDENTITY';ELSE v_temp=v_temp||' GENERATED BY DEFAULT AS IDENTITY';END IF;ELSEIF v_colrec.character_maximum_length IS NOT NULL THEN v_temp=v_temp||('('||v_colrec.character_maximum_length||')');ELSEIF v_colrec.numeric_precision>0 AND v_colrec.numeric_scale>0 THEN v_temp=v_temp||'('||v_colrec.numeric_precision||','||v_colrec.numeric_scale||')';END IF;IF bSerial THEN v_temp=v_temp||' NOT NULL';ELSEIF v_colrec.is_nullable='NO'THEN v_temp=v_temp||' NOT NULL';ELSEIF v_colrec.is_nullable='YES'THEN v_temp=v_temp||' NULL';END IF;IF v_colrec.column_default IS NOT null AND NOT bSerial THEN v_temp=v_temp||(' DEFAULT '||v_colrec.column_default);END IF;v_temp=v_temp||','||E'\n';v_table_ddl:=v_table_ddl||v_temp;END LOOP;END IF;IF bVerbose THEN RAISE NOTICE'(2)tabledef so far: %',v_table_ddl;END IF;IF v_pgversion<110000 THEN FOR v_constraintrec IN SELECT con.conname as constraint_name,con.contype as constraint_type,CASE WHEN con.contype='p'THEN 1 WHEN con.contype='u'THEN 2 WHEN con.contype='f'THEN 3 WHEN con.contype='c'THEN 4 ELSE 5 END as type_rank,pg_get_constraintdef(con.oid)as constraint_definition FROM pg_catalog.pg_constraint con JOIN pg_catalog.pg_class rel ON rel.oid=con.conrelid JOIN pg_catalog.pg_namespace nsp ON nsp.oid=connamespace WHERE nsp.nspname=in_schema AND rel.relname=in_table ORDER BY type_rank LOOP v_constraint_name:=v_constraintrec.constraint_name;v_constraint_def:=v_constraintrec.constraint_definition;IF v_constraintrec.type_rank=1 THEN IF pkcnt=0 OR pktype='PKEY_INTERNAL'THEN v_constraint_name:=v_constraintrec.constraint_name;v_constraint_def:=v_constraintrec.constraint_definition;v_table_ddl:=v_table_ddl||'  '||'CONSTRAINT'||' '||v_constraint_name||' '||v_constraint_def||','||E'\n';ELSE SELECT'ALTER TABLE ONLY '||in_schema||'.'||c.relname||' ADD CONSTRAINT '||r.conname||' '||pg_catalog.pg_get_constraintdef(r.oid,true)||';'INTO v_pkey_def FROM pg_catalog.pg_constraint r,pg_class c,pg_namespace n where r.conrelid=c.oid and r.contype='p'and n.oid=r.connamespace and n.nspname=in_schema AND c.relname=in_table and r.conname=v_constraint_name;END IF;IF bPartition THEN continue;END IF;ELSIF v_constraintrec.type_rank=3 THEN IF fktype='FKEYS_NONE'THEN continue;ELSIF fkcnt=0 OR fktype='FKEYS_INTERNAL'THEN v_table_ddl:=v_table_ddl||'  '||'CONSTRAINT'||' '||v_constraint_name||' '||v_constraint_def||','||E'\n';ELSE SELECT'ALTER TABLE ONLY '||n.nspname||'.'||c2.relname||' ADD CONSTRAINT '||r.conname||' '||pg_catalog.pg_get_constraintdef(r.oid,true)||';'INTO v_fkey_def FROM pg_constraint r,pg_class c1,pg_namespace n,pg_class c2 where r.conrelid=c1.oid and r.contype='f'and n.nspname=in_schema and n.oid=r.connamespace and r.conrelid=c2.oid and c2.relname=in_table;v_fkey_defs=v_fkey_defs||v_fkey_def||E'\n';END IF;ELSE v_table_ddl:=v_table_ddl||'  '||'CONSTRAINT'||' '||v_constraint_name||' '||v_constraint_def||','||E'\n';END IF;if bVerbose THEN RAISE NOTICE'DEBUG4: constraint name=% constraint_def=%',v_constraint_name,v_constraint_def;END IF;constraintarr:=constraintarr||v_constraintrec.constraint_name::text;END LOOP;ELSE FOR v_constraintrec IN SELECT con.conname as constraint_name,con.contype as constraint_type,CASE WHEN con.contype='p'THEN 1 WHEN con.contype='u'THEN 2 WHEN con.contype='f'THEN 3 WHEN con.contype='c'THEN 4 ELSE 5 END as type_rank,pg_get_constraintdef(con.oid)as constraint_definition FROM pg_catalog.pg_constraint con JOIN pg_catalog.pg_class rel ON rel.oid=con.conrelid JOIN pg_catalog.pg_namespace nsp ON nsp.oid=connamespace WHERE nsp.nspname=in_schema AND rel.relname=in_table AND con.conparentid=0 ORDER BY type_rank LOOP v_constraint_name:=v_constraintrec.constraint_name;v_constraint_def:=v_constraintrec.constraint_definition;IF v_constraintrec.type_rank=1 THEN IF pkcnt=0 OR pktype='PKEY_INTERNAL'THEN v_constraint_name:=v_constraintrec.constraint_name;v_constraint_def:=v_constraintrec.constraint_definition;v_table_ddl:=v_table_ddl||'  '||'CONSTRAINT'||' '||v_constraint_name||' '||v_constraint_def||','||E'\n';ELSE SELECT'ALTER TABLE ONLY '||in_schema||'.'||c.relname||' ADD CONSTRAINT '||r.conname||' '||pg_catalog.pg_get_constraintdef(r.oid,true)||';'INTO v_pkey_def FROM pg_catalog.pg_constraint r,pg_class c,pg_namespace n where r.conrelid=c.oid and r.contype='p'and n.oid=r.connamespace and n.nspname=in_schema AND c.relname=in_table;END IF;IF bPartition THEN continue;END IF;ELSIF v_constraintrec.type_rank=3 THEN IF fktype='FKEYS_NONE'THEN continue;ELSIF fkcnt=0 OR fktype='FKEYS_INTERNAL'THEN v_table_ddl:=v_table_ddl||'  '||'CONSTRAINT'||' '||v_constraint_name||' '||v_constraint_def||','||E'\n';ELSE SELECT'ALTER TABLE ONLY '||n.nspname||'.'||c2.relname||' ADD CONSTRAINT '||r.conname||' '||pg_catalog.pg_get_constraintdef(r.oid,true)||';'INTO v_fkey_def FROM pg_constraint r,pg_class c1,pg_namespace n,pg_class c2 where r.conrelid=c1.oid and r.contype='f'and n.nspname=in_schema and n.oid=r.connamespace and r.conrelid=c2.oid and c2.relname=in_table and r.conname=v_constraint_name and r.conparentid=0;v_fkey_defs=v_fkey_defs||v_fkey_def||E'\n';END IF;ELSE v_table_ddl:=v_table_ddl||'  '||'CONSTRAINT'||' '||v_constraint_name||' '||v_constraint_def||','||E'\n';END IF;if bVerbose THEN RAISE NOTICE'DEBUG4: constraint name=% constraint_def=%',v_constraint_name,v_constraint_def;END IF;constraintarr:=constraintarr||v_constraintrec.constraint_name::text;END LOOP;END IF;select substring(v_table_ddl,length(v_table_ddl)-1,1)INTO v_temp;IF v_temp=','THEN v_table_ddl=substr(v_table_ddl,0,length(v_table_ddl)-1)||E'\n';END IF;IF bVerbose THEN RAISE NOTICE'(3)tabledef so far: %',trim(v_table_ddl);END IF;IF bVerbose THEN RAISE NOTICE'(4)tabledef so far: %',v_table_ddl;END IF;IF bPartition and bInheritance THEN IF v_parent_schema=''OR v_parent_schema IS NULL THEN v_parent_schema=in_schema;END IF;v_table_ddl:=v_table_ddl||') INHERITS ('||v_parent_schema||'.'||v_parent||') '||E'\n'||v_relopts||' '||v_tablespace||';'||E'\n';END IF;IF v_pgversion>=100000 AND NOT bPartition and NOT bInheritance THEN SELECT pg_get_partkeydef(c1.oid)as partition_key INTO v_partition_key FROM pg_class c1 JOIN pg_namespace n ON(n.oid=c1.relnamespace)LEFT JOIN pg_partitioned_table p ON(c1.oid=p.partrelid)WHERE n.nspname=in_schema and n.oid=c1.relnamespace and c1.relname=in_table and c1.relkind='p';IF v_partition_key IS NOT NULL AND v_partition_key<>''THEN v_table_ddl:=v_table_ddl||') PARTITION BY '||v_partition_key||';'||E'\n';ELSEIF v_relopts<>''THEN v_table_ddl:=v_table_ddl||') '||v_relopts||' '||v_tablespace||';'||E'\n';ELSE v_table_ddl:=v_table_ddl||') '||v_tablespace||';'||E'\n';END IF;END IF;IF bVerbose THEN RAISE NOTICE'(5)tabledef so far: %',v_table_ddl;END IF;IF v_pkey_def<>''THEN v_table_ddl:=v_table_ddl||v_pkey_def||E'\n';END IF;IF v_fkey_defs<>''THEN v_table_ddl:=v_table_ddl||v_fkey_defs||E'\n';END IF;IF bVerbose THEN RAISE NOTICE'(6)tabledef so far: %',v_table_ddl;END IF;FOR v_indexrec IN SELECT indexdef,COALESCE(tablespace,'pg_default')as tablespace,indexname FROM pg_indexes WHERE(schemaname,tablename)=(in_schema,in_table)LOOP bSkip=False;FOREACH constraintelement IN ARRAY constraintarr LOOP IF constraintelement=v_indexrec.indexname THEN bSkip=True;EXIT;END IF;END LOOP;if bSkip THEN CONTINUE;END IF;v_indexrec.indexdef:=REPLACE(v_indexrec.indexdef,'CREATE INDEX','CREATE INDEX IF NOT EXISTS');v_indexrec.indexdef:=REPLACE(v_indexrec.indexdef,'CREATE UNIQUE INDEX','CREATE UNIQUE INDEX IF NOT EXISTS');IF v_partition_key IS NOT NULL AND v_partition_key<>''THEN v_table_ddl:=v_table_ddl||v_indexrec.indexdef||';'||E'\n';ELSE select CASE WHEN i.indpred IS NOT NULL THEN True ELSE False END INTO v_partial FROM pg_index i JOIN pg_class c1 ON(i.indexrelid=c1.oid)JOIN pg_class c2 ON(i.indrelid=c2.oid)WHERE c1.relnamespace::regnamespace::text=in_schema AND c2.relnamespace::regnamespace::text=in_schema AND c2.relname=in_table AND c1.relname=v_indexrec.indexname;IF v_partial THEN v_temp=v_indexrec.indexdef;v_pos=POSITION(' WHERE 'IN v_temp);v_temp2=SUBSTRING(v_temp,v_pos);v_temp=SUBSTRING(v_temp,1,v_pos);v_table_ddl:=v_table_ddl||v_temp||' TABLESPACE '||v_indexrec.tablespace||v_temp2||';'||E'\n';ELSE v_table_ddl:=v_table_ddl||v_indexrec.indexdef||' TABLESPACE '||v_indexrec.tablespace||';'||E'\n';END IF;END IF;END LOOP;IF bVerbose THEN RAISE NOTICE'(7)tabledef so far: %',v_table_ddl;END IF;IF cmtcnt>0 THEN FOR v_rec IN SELECT c.relname,'COMMENT ON '||CASE WHEN c.relkind in('r','p')AND a.attname IS NULL THEN'TABLE 'WHEN c.relkind in('r','p')AND a.attname IS NOT NULL THEN'COLUMN 'WHEN c.relkind='f'THEN'FOREIGN TABLE 'WHEN c.relkind='m'THEN'MATERIALIZED VIEW 'WHEN c.relkind='v'THEN'VIEW 'WHEN c.relkind='i'THEN'INDEX 'WHEN c.relkind='S'THEN'SEQUENCE 'ELSE'XX'END||n.nspname||'.'||CASE WHEN c.relkind in('r','p')AND a.attname IS NOT NULL THEN quote_ident(c.relname)||'.'||a.attname ELSE quote_ident(c.relname)END||' IS '||quote_literal(d.description)||';'as ddl FROM pg_class c JOIN pg_namespace n ON(n.oid=c.relnamespace)LEFT JOIN pg_description d ON(c.oid=d.objoid)LEFT JOIN pg_attribute a ON(c.oid=a.attrelid AND a.attnum>0 and a.attnum=d.objsubid)WHERE d.description IS NOT NULL AND n.nspname=in_schema AND c.relname=in_table ORDER BY 2 desc,ddl LOOP v_table_ddl=v_table_ddl||v_rec.ddl||E'\n';END LOOP;END IF;IF bVerbose THEN RAISE NOTICE'(8)tabledef so far: %',v_table_ddl;END IF;IF trigtype='INCLUDE_TRIGGERS'THEN FOR v_trigrec IN select pg_get_triggerdef(t.oid,True)||';'as triggerdef FROM pg_trigger t,pg_class c,pg_namespace n WHERE n.nspname=in_schema and n.oid=c.relnamespace and c.relname=in_table and c.relkind='r'and t.tgrelid=c.oid and NOT t.tgisinternal LOOP v_table_ddl:=v_table_ddl||v_trigrec.triggerdef;v_table_ddl:=v_table_ddl||E'\n';IF bVerbose THEN RAISE NOTICE'triggerdef = %',v_trigrec.triggerdef;END IF;END LOOP;END IF;IF bVerbose THEN RAISE NOTICE'(9)tabledef so far: %',v_table_ddl;END IF;v_table_ddl:=v_table_ddl||E'\n';IF bVerbose THEN RAISE NOTICE'(10)tabledef so far: %',v_table_ddl;END IF;IF search_path_old=''THEN SELECT set_config('search_path','',false)into v_temp;ELSE EXECUTE'SET search_path = '||search_path_old;END IF;RETURN v_table_ddl;EXCEPTION WHEN others THEN BEGIN GET STACKED DIAGNOSTICS v_diag1=MESSAGE_TEXT,v_diag2=PG_EXCEPTION_DETAIL,v_diag3=PG_EXCEPTION_HINT,v_diag4=RETURNED_SQLSTATE,v_diag5=PG_CONTEXT,v_diag6=PG_EXCEPTION_CONTEXT;v_ret:='line='||v_diag6||'. '||v_diag4||'. '||v_diag1;RAISE EXCEPTION'%',v_ret;RETURN'';END;END;$$;

with records as (
  select
    c.oid::int8 as ""id"",
    case c.relkind
      when 'r' then pg_temp.pg_get_tabledef(
        concat(nc.nspname),
        concat(c.relname),
        false,
        'FKEYS_INTERNAL',
        'NO_TRIGGERS'
      )
      when 'v' then concat(
        'create view ', concat(nc.nspname, '.', c.relname), ' as',
        pg_get_viewdef(concat(nc.nspname, '.', c.relname), true)
      )
      when 'm' then concat(
        'create materialized view ', concat(nc.nspname, '.', c.relname), ' as',
        pg_get_viewdef(concat(nc.nspname, '.', c.relname), true)
      )
      when 'f' then concat('create foreign table ', nc.nspname, '.', c.relname, ' ( ... )')
      when 'p' then pg_temp.pg_get_tabledef(
        concat(nc.nspname),
        concat(c.relname),
        false,
        'FKEYS_INTERNAL',
        'NO_TRIGGERS'
      )
    end as ""sql""
  from
    pg_namespace nc
    join pg_class c on nc.oid = c.relnamespace
  where
    c.relkind in ('r', 'v', 'm', 'f', 'p')
    and not pg_is_other_temp_schema(nc.oid)
    and (
      pg_has_role(c.relowner, 'USAGE')
      or has_table_privilege(
        c.oid,
        'SELECT, INSERT, UPDATE, DELETE, TRUNCATE, REFERENCES, TRIGGER'
      )
      or has_any_column_privilege(c.oid, 'SELECT, INSERT, UPDATE, REFERENCES')
    )
    and nc.nspname IN ('public')
  order by c.relname asc
  limit 100
  offset 0
)
select
  jsonb_build_object(
    'definitions', coalesce(jsonb_agg(
      jsonb_build_object(
        'id', r.id,
        'sql', r.sql
      )
    ), '[]'::jsonb)
  ) ""data""
from records r;

-- source: dashboard
-- user: 5a46f786-114b-4a7c-986c-3007e080ccd3
-- date: 2025-09-16T16:57:42.089Z",null,ce3dc75c-60c6-414d-b077-659413f3cb8b,zztaofqpkkjhftibdzhj,1758041862124000
null,LOG,"connection authenticated: identity=""postgres"" method=scram-sha-256 (/etc/postgresql/pg_hba.conf:94)",null,3e8e130e-99ca-47eb-9c42-31de60aafef0,zztaofqpkkjhftibdzhj,1758041862116000
null,LOG,"connection authorized: user=postgres database=postgres application_name=supabase/dashboard SSL enabled (protocol=TLSv1.3, cipher=TLS_AES_256_GCM_SHA384, bits=256)",null,1d2ab5b8-47e7-4736-a276-f01d96bc9799,zztaofqpkkjhftibdzhj,1758041862116000
null,LOG,"connection authorized: user=postgres database=postgres application_name=supabase/dashboard SSL enabled (protocol=TLSv1.3, cipher=TLS_AES_256_GCM_SHA384, bits=256)",null,38ca0ef6-81f5-423f-949e-bf46ccdd1163,zztaofqpkkjhftibdzhj,1758041859670000
null,LOG,"connection authenticated: identity=""postgres"" method=scram-sha-256 (/etc/postgresql/pg_hba.conf:94)",null,90e4bb02-20dc-42a3-91ff-5b6f2dbd9eed,zztaofqpkkjhftibdzhj,1758041859670000
null,LOG,"connection authorized: user=postgres database=postgres application_name=supabase/dashboard SSL enabled (protocol=TLSv1.3, cipher=TLS_AES_256_GCM_SHA384, bits=256)",null,60ad15f6-be5d-40e7-aa9c-d2d543931234,zztaofqpkkjhftibdzhj,1758041859602000
null,LOG,"connection authenticated: identity=""postgres"" method=scram-sha-256 (/etc/postgresql/pg_hba.conf:94)",null,d822bedb-0969-4e96-badd-6b1bd2ba58bc,zztaofqpkkjhftibdzhj,1758041859602000
null,LOG,"connection authorized: user=postgres database=postgres application_name=supabase/dashboard SSL enabled (protocol=TLSv1.3, cipher=TLS_AES_256_GCM_SHA384, bits=256)",null,c7e61d34-d122-4dee-8501-a32998eb3dd2,zztaofqpkkjhftibdzhj,1758041859551000
null,LOG,"connection authenticated: identity=""postgres"" method=scram-sha-256 (/etc/postgresql/pg_hba.conf:94)",null,0f2e2705-a058-4df9-978a-4a072665e4bb,zztaofqpkkjhftibdzhj,1758041859551000
null,LOG,"connection authorized: user=postgres database=postgres application_name=supabase/dashboard SSL enabled (protocol=TLSv1.3, cipher=TLS_AES_256_GCM_SHA384, bits=256)",null,dabf5787-8f68-465e-b8d1-a2b6c312c0b9,zztaofqpkkjhftibdzhj,1758041859548000
null,LOG,"connection authenticated: identity=""postgres"" method=scram-sha-256 (/etc/postgresql/pg_hba.conf:94)",null,a001e849-8290-492f-8b38-9f6019dec40a,zztaofqpkkjhftibdzhj,1758041859548000
null,LOG,"connection authorized: user=postgres database=postgres application_name=supabase/dashboard SSL enabled (protocol=TLSv1.3, cipher=TLS_AES_256_GCM_SHA384, bits=256)",null,45f1e59e-3a01-4c8d-8318-42f33c35660d,zztaofqpkkjhftibdzhj,1758041859545000
null,LOG,"connection authenticated: identity=""postgres"" method=scram-sha-256 (/etc/postgresql/pg_hba.conf:94)",null,c66ec3b2-7160-473d-8576-ac5388f8ec80,zztaofqpkkjhftibdzhj,1758041859545000
null,LOG,"connection authenticated: identity=""supabase_admin"" method=scram-sha-256 (/etc/postgresql/pg_hba.conf:94)",null,29cf7227-872e-4ff1-aef6-b5dc9b3b9d8d,zztaofqpkkjhftibdzhj,1758041859473000
null,LOG,"connection authorized: user=supabase_admin database=postgres application_name=undefined SSL enabled (protocol=TLSv1.3, cipher=TLS_AES_256_GCM_SHA384, bits=256)",null,2b49b0e5-3bce-4938-ab3b-77e9fd150038,zztaofqpkkjhftibdzhj,1758041859473000
null,LOG,"connection authenticated: identity=""supabase_admin"" method=scram-sha-256 (/etc/postgresql/pg_hba.conf:94)",null,81145b2b-b9dc-4528-b64b-04036b508027,zztaofqpkkjhftibdzhj,1758041859471000
null,LOG,"connection authorized: user=supabase_admin database=postgres application_name=undefined SSL enabled (protocol=TLSv1.3, cipher=TLS_AES_256_GCM_SHA384, bits=256)",null,c66a3ae6-5b70-4f60-ba13-80fcad8a40ea,zztaofqpkkjhftibdzhj,1758041859471000
null,LOG,"connection authorized: user=authenticator database=postgres application_name=postgrest SSL enabled (protocol=TLSv1.3, cipher=TLS_AES_256_GCM_SHA384, bits=256)",null,13cee3da-9ea6-49dc-8c04-093dfe127ad6,zztaofqpkkjhftibdzhj,1758041859094000
null,LOG,"connection authenticated: user=""authenticator"" method=trust (/etc/postgresql/pg_hba.conf:85)",null,d1504e53-aae1-4ae3-98ba-5c983f2f7e80,zztaofqpkkjhftibdzhj,1758041859094000
null,LOG,"statement: CREATE EXTENSION IF NOT EXISTS postgis;

-- source: dashboard
-- user: 5a46f786-114b-4a7c-986c-3007e080ccd3
-- date: 2025-09-16T16:57:37.499Z",null,eb9c5074-6d50-4c75-8c47-c6a821f05b7d,zztaofqpkkjhftibdzhj,1758041857577000
null,LOG,"connection authenticated: identity=""postgres"" method=scram-sha-256 (/etc/postgresql/pg_hba.conf:94)",null,f6e8c6d9-ecf7-4326-bbd5-b8ef57976ad0,zztaofqpkkjhftibdzhj,1758041857572000
null,LOG,"connection authorized: user=postgres database=postgres application_name=supabase/dashboard-query-editor SSL enabled (protocol=TLSv1.3, cipher=TLS_AES_256_GCM_SHA384, bits=256)",null,0fc72661-3d44-48d2-b241-d78fe3485b0d,zztaofqpkkjhftibdzhj,1758041857572000
null,LOG,connection received: host=2600:1f18:2a66:6e01:8851:cb89:4e5b:73c0 port=36800,null,0e9a8ede-f7d6-48a8-aeb3-a8c9d2b7c3df,zztaofqpkkjhftibdzhj,1758041857504000
null,LOG,connection received: host=::1 port=16895,null,6d7f7dbc-39c1-4c07-ac4c-69adf34c64cb,zztaofqpkkjhftibdzhj,1758041847819000
null,LOG,connection authorized: user=supabase_admin database=postgres application_name=postgres_exporter,null,66dd8b8b-56ba-4c51-a1cb-e8b69a4ae270,zztaofqpkkjhftibdzhj,1758041847819000
null,LOG,"connection authenticated: user=""supabase_admin"" method=trust (/etc/postgresql/pg_hba.conf:85)",null,da3f0b42-ea70-48eb-884d-9e3b92717135,zztaofqpkkjhftibdzhj,1758041847819000
null,LOG,"connection authorized: user=postgres database=postgres application_name=supabase/dashboard SSL enabled (protocol=TLSv1.3, cipher=TLS_AES_256_GCM_SHA384, bits=256)",null,61648b14-29e8-437a-becb-4b24d1fb3f15,zztaofqpkkjhftibdzhj,1758041844634000
null,LOG,"connection authenticated: identity=""postgres"" method=scram-sha-256 (/etc/postgresql/pg_hba.conf:94)",null,c32f1497-1f4b-43cb-a41f-9e1fff0377d1,zztaofqpkkjhftibdzhj,1758041844634000
null,LOG,connection received: host=2600:1f18:2a66:6e01:8851:cb89:4e5b:73c0 port=43156,null,b1bbed4e-9a69-4de6-b5f1-84fd8b99dffd,zztaofqpkkjhftibdzhj,1758041844607000
null,LOG,"connection authorized: user=postgres database=postgres application_name=supabase/dashboard SSL enabled (protocol=TLSv1.3, cipher=TLS_AES_256_GCM_SHA384, bits=256)",null,bc150510-5ca2-4cba-a41d-27f69b67dec7,zztaofqpkkjhftibdzhj,1758041837901000
null,LOG,"connection authenticated: identity=""postgres"" method=scram-sha-256 (/etc/postgresql/pg_hba.conf:94)",null,51d42bf0-e4f4-4620-a591-48d579e20a9a,zztaofqpkkjhftibdzhj,1758041837901000